,date,wavelength,cali_method,telescope,cali_start_time,cali_stop_time,start_time_period,end_time_period,lidar_path,molecular_path,LC,LC_std,r0,r1,dr
0,9/1/2017,355,Klett_Method,far_range,9/1/2017 0:00,9/1/2017 0:59,9/1/2017 0:00,9/1/2017 0:29,D:\data_haifa\DATA FROM TROPOS\lidar_dataset\2017\09\2017_09_01_Haifa_range_corr_355_lidar.nc,D:\data_haifa\DATA FROM TROPOS\molecular_dataset\2017\09\2017_09_01_Haifa_attbsc_355_molecular.nc,10326.7365,9.334701796,6.429491211,7.834125977,1.404634766
1,9/1/2017,355,Klett_Method,far_range,9/1/2017 0:00,9/1/2017 0:59,9/1/2017 0:30,9/1/2017 0:59,D:\data_haifa\DATA FROM TROPOS\lidar_dataset\2017\09\2017_09_01_Haifa_range_corr_355_lidar.nc,D:\data_haifa\DATA FROM TROPOS\molecular_dataset\2017\09\2017_09_01_Haifa_attbsc_355_molecular.nc,10326.7365,9.334701796,6.429491211,7.834125977,1.404634766
2,9/1/2017,355,Klett_Method,far_range,9/1/2017 1:34,9/1/2017 3:08,9/1/2017 2:00,9/1/2017 2:29,D:\data_haifa\DATA FROM TROPOS\lidar_dataset\2017\09\2017_09_01_Haifa_range_corr_355_lidar.nc,D:\data_haifa\DATA FROM TROPOS\molecular_dataset\2017\09\2017_09_01_Haifa_attbsc_355_molecular.nc,10027.18852,9.656172768,6.429491211,7.923783203,1.494291992
3,9/1/2017,355,Klett_Method,far_range,9/1/2017 1:34,9/1/2017 3:08,9/1/2017 2:30,9/1/2017 2:59,D:\data_haifa\DATA FROM TROPOS\lidar_dataset\2017\09\2017_09_01_Haifa_range_corr_355_lidar.nc,D:\data_haifa\DATA FROM TROPOS\molecular_dataset\2017\09\2017_09_01_Haifa_attbsc_355_molecular.nc,10027.18852,9.656172768,6.429491211,7.923783203,1.494291992
4,9/1/2017,355,Klett_Method,far_range,9/1/2017 3:09,9/1/2017 4:42,9/1/2017 3:30,9/1/2017 3:59,D:\data_haifa\DATA FROM TROPOS\lidar_dataset\2017\09\2017_09_01_Haifa_range_corr_355_lidar.nc,D:\data_haifa\DATA FROM TROPOS\molecular_dataset\2017\09\2017_09_01_Haifa_attbsc_355_molecular.nc,10164.21881,9.826610013,4.972556641,6.466848633,1.494291992
5,9/1/2017,355,Klett_Method,far_range,9/1/2017 3:09,9/1/2017 4:42,9/1/2017 4:00,9/1/2017 4:29,D:\data_haifa\DATA FROM TROPOS\lidar_dataset\2017\09\2017_09_01_Haifa_range_corr_355_lidar.nc,D:\data_haifa\DATA FROM TROPOS\molecular_dataset\2017\09\2017_09_01_Haifa_attbsc_355_molecular.nc,10164.21881,9.826610013,4.972556641,6.466848633,1.494291992
6,9/1/2017,355,Klett_Method,far_range,9/1/2017 18:00,9/1/2017 18:59,9/1/2017 18:00,9/1/2017 18:29,D:\data_haifa\DATA FROM TROPOS\lidar_dataset\2017\09\2017_09_01_Haifa_range_corr_355_lidar.nc,D:\data_haifa\DATA FROM TROPOS\molecular_dataset\2017\09\2017_09_01_Haifa_attbsc_355_molecular.nc,10380.37367,9.243553791,7.841597168,8.910016602,1.068419434
7,9/1/2017,355,Klett_Method,far_range,9/1/2017 18:00,9/1/2017 18:59,9/1/2017 18:30,9/1/2017 18:59,D:\data_haifa\DATA FROM TROPOS\lidar_dataset\2017\09\2017_09_01_Haifa_range_corr_355_lidar.nc,D:\data_haifa\DATA FROM TROPOS\molecular_dataset\2017\09\2017_09_01_Haifa_attbsc_355_molecular.nc,10380.37367,9.243553791,7.841597168,8.910016602,1.068419434
8,9/1/2017,355,Klett_Method,far_range,9/1/2017 19:00,9/1/2017 20:10,9/1/2017 19:00,9/1/2017 19:29,D:\data_haifa\DATA FROM TROPOS\lidar_dataset\2017\09\2017_09_01_Haifa_range_corr_355_lidar.nc,D:\data_haifa\DATA FROM TROPOS\molecular_dataset\2017\09\2017_09_01_Haifa_attbsc_355_molecular.nc,10157.53232,8.456490616,6.324891113,7.819183105,1.494291992
9,9/1/2017,355,Klett_Method,far_range,9/1/2017 19:00,9/1/2017 20:10,9/1/2017 19:30,9/1/2017 19:59,D:\data_haifa\DATA FROM TROPOS\lidar_dataset\2017\09\2017_09_01_Haifa_range_corr_355_lidar.nc,D:\data_haifa\DATA FROM TROPOS\molecular_dataset\2017\09\2017_09_01_Haifa_attbsc_355_molecular.nc,10157.53232,8.456490616,6.324891113,7.819183105,1.494291992
10,9/1/2017,355,Klett_Method,far_range,9/1/2017 20:13,9/1/2017 21:13,9/1/2017 20:30,9/1/2017 20:59,D:\data_haifa\DATA FROM TROPOS\lidar_dataset\2017\09\2017_09_01_Haifa_range_corr_355_lidar.nc,D:\data_haifa\DATA FROM TROPOS\molecular_dataset\2017\09\2017_09_01_Haifa_attbsc_355_molecular.nc,9790.935998,6.052714418,6.41454834,7.908840332,1.494291992
11,9/1/2017,355,Klett_Method,far_range,9/1/2017 21:13,9/1/2017 22:00,9/1/2017 21:30,9/1/2017 21:59,D:\data_haifa\DATA FROM TROPOS\lidar_dataset\2017\09\2017_09_01_Haifa_range_corr_355_lidar.nc,D:\data_haifa\DATA FROM TROPOS\molecular_dataset\2017\09\2017_09_01_Haifa_attbsc_355_molecular.nc,9551.294644,11.254872,6.436962891,7.931254883,1.494291992
12,9/1/2017,355,Klett_Method,far_range,9/1/2017 22:10,9/1/2017 23:09,9/1/2017 22:30,9/1/2017 22:59,D:\data_haifa\DATA FROM TROPOS\lidar_dataset\2017\09\2017_09_01_Haifa_range_corr_355_lidar.nc,D:\data_haifa\DATA FROM TROPOS\molecular_dataset\2017\09\2017_09_01_Haifa_attbsc_355_molecular.nc,9637.033586,11.53736209,6.466848633,7.961140625,1.494291992
13,9/1/2017,355,Klett_Method,far_range,9/1/2017 23:10,9/1/2017 23:59,9/1/2017 23:30,9/1/2017 23:59,D:\data_haifa\DATA FROM TROPOS\lidar_dataset\2017\09\2017_09_01_Haifa_range_corr_355_lidar.nc,D:\data_haifa\DATA FROM TROPOS\molecular_dataset\2017\09\2017_09_01_Haifa_attbsc_355_molecular.nc,9129.959331,14.27234209,8.04332666,9.537619141,1.49429248
14,9/2/2017,355,Klett_Method,far_range,9/2/2017 0:00,9/2/2017 0:59,9/2/2017 0:00,9/2/2017 0:29,D:\data_haifa\DATA FROM TROPOS\lidar_dataset\2017\09\2017_09_02_Haifa_range_corr_355_lidar.nc,D:\data_haifa\DATA FROM TROPOS\molecular_dataset\2017\09\2017_09_02_Haifa_attbsc_355_molecular.nc,8868.411294,10.4134851,5.219114746,6.713406738,1.494291992
15,9/2/2017,355,Klett_Method,far_range,9/2/2017 0:00,9/2/2017 0:59,9/2/2017 0:30,9/2/2017 0:59,D:\data_haifa\DATA FROM TROPOS\lidar_dataset\2017\09\2017_09_02_Haifa_range_corr_355_lidar.nc,D:\data_haifa\DATA FROM TROPOS\molecular_dataset\2017\09\2017_09_02_Haifa_attbsc_355_molecular.nc,8868.411294,10.4134851,5.219114746,6.713406738,1.494291992
16,9/2/2017,355,Klett_Method,far_range,9/2/2017 1:00,9/2/2017 2:16,9/2/2017 1:00,9/2/2017 1:29,D:\data_haifa\DATA FROM TROPOS\lidar_dataset\2017\09\2017_09_02_Haifa_range_corr_355_lidar.nc,D:\data_haifa\DATA FROM TROPOS\molecular_dataset\2017\09\2017_09_02_Haifa_attbsc_355_molecular.nc,9817.791704,10.14595205,3.762179932,5.256472168,1.494292236
17,9/2/2017,355,Klett_Method,far_range,9/2/2017 1:00,9/2/2017 2:16,9/2/2017 1:30,9/2/2017 1:59,D:\data_haifa\DATA FROM TROPOS\lidar_dataset\2017\09\2017_09_02_Haifa_range_corr_355_lidar.nc,D:\data_haifa\DATA FROM TROPOS\molecular_dataset\2017\09\2017_09_02_Haifa_attbsc_355_molecular.nc,9817.791704,10.14595205,3.762179932,5.256472168,1.494292236
18,9/2/2017,355,Klett_Method,far_range,9/2/2017 2:26,9/2/2017 3:26,9/2/2017 2:30,9/2/2017 2:59,D:\data_haifa\DATA FROM TROPOS\lidar_dataset\2017\09\2017_09_02_Haifa_range_corr_355_lidar.nc,D:\data_haifa\DATA FROM TROPOS\molecular_dataset\2017\09\2017_09_02_Haifa_attbsc_355_molecular.nc,8853.316289,6.416558948,5.204171875,6.698463867,1.494291992
19,9/2/2017,355,Klett_Method,far_range,9/2/2017 3:26,9/2/2017 4:26,9/2/2017 3:30,9/2/2017 3:59,D:\data_haifa\DATA FROM TROPOS\lidar_dataset\2017\09\2017_09_02_Haifa_range_corr_355_lidar.nc,D:\data_haifa\DATA FROM TROPOS\molecular_dataset\2017\09\2017_09_02_Haifa_attbsc_355_molecular.nc,8343.777901,7.37658103,3.620222168,5.11451416,1.494291992
20,9/2/2017,355,Klett_Method,far_range,9/2/2017 4:26,9/2/2017 5:18,9/2/2017 4:30,9/2/2017 4:59,D:\data_haifa\DATA FROM TROPOS\lidar_dataset\2017\09\2017_09_02_Haifa_range_corr_355_lidar.nc,D:\data_haifa\DATA FROM TROPOS\molecular_dataset\2017\09\2017_09_02_Haifa_attbsc_355_molecular.nc,9193.146884,9.230283469,5.151871582,6.302476563,1.15060498
21,9/2/2017,355,Klett_Method,far_range,9/2/2017 8:08,9/2/2017 9:08,9/2/2017 8:30,9/2/2017 8:59,D:\data_haifa\DATA FROM TROPOS\lidar_dataset\2017\09\2017_09_02_Haifa_range_corr_355_lidar.nc,D:\data_haifa\DATA FROM TROPOS\molecular_dataset\2017\09\2017_09_02_Haifa_attbsc_355_molecular.nc,9460.991336,11.03695714,3.478264404,4.972556641,1.494292236
22,9/2/2017,355,Klett_Method,far_range,9/2/2017 9:08,9/2/2017 10:08,9/2/2017 9:30,9/2/2017 9:59,D:\data_haifa\DATA FROM TROPOS\lidar_dataset\2017\09\2017_09_02_Haifa_range_corr_355_lidar.nc,D:\data_haifa\DATA FROM TROPOS\molecular_dataset\2017\09\2017_09_02_Haifa_attbsc_355_molecular.nc,8855.085325,6.998040368,4.882898926,6.265119141,1.382220215
23,9/2/2017,355,Klett_Method,far_range,9/2/2017 10:08,9/2/2017 11:30,9/2/2017 10:30,9/2/2017 10:59,D:\data_haifa\DATA FROM TROPOS\lidar_dataset\2017\09\2017_09_02_Haifa_range_corr_355_lidar.nc,D:\data_haifa\DATA FROM TROPOS\molecular_dataset\2017\09\2017_09_02_Haifa_attbsc_355_molecular.nc,8316.831049,7.331392183,4.867956055,6.362248047,1.494291992
24,9/2/2017,355,Klett_Method,far_range,9/2/2017 10:08,9/2/2017 11:30,9/2/2017 11:00,9/2/2017 11:29,D:\data_haifa\DATA FROM TROPOS\lidar_dataset\2017\09\2017_09_02_Haifa_range_corr_355_lidar.nc,D:\data_haifa\DATA FROM TROPOS\molecular_dataset\2017\09\2017_09_02_Haifa_attbsc_355_molecular.nc,8316.831049,7.331392183,4.867956055,6.362248047,1.494291992
25,9/2/2017,355,Klett_Method,far_range,9/2/2017 12:47,9/2/2017 14:24,9/2/2017 13:00,9/2/2017 13:29,D:\data_haifa\DATA FROM TROPOS\lidar_dataset\2017\09\2017_09_02_Haifa_range_corr_355_lidar.nc,D:\data_haifa\DATA FROM TROPOS\molecular_dataset\2017\09\2017_09_02_Haifa_attbsc_355_molecular.nc,8159.825957,5.398763644,4.023681152,5.517973145,1.494291992
26,9/2/2017,355,Klett_Method,far_range,9/2/2017 12:47,9/2/2017 14:24,9/2/2017 13:30,9/2/2017 13:59,D:\data_haifa\DATA FROM TROPOS\lidar_dataset\2017\09\2017_09_02_Haifa_range_corr_355_lidar.nc,D:\data_haifa\DATA FROM TROPOS\molecular_dataset\2017\09\2017_09_02_Haifa_attbsc_355_molecular.nc,8159.825957,5.398763644,4.023681152,5.517973145,1.494291992
27,9/2/2017,355,Klett_Method,far_range,9/2/2017 15:50,9/2/2017 16:38,9/2/2017 16:00,9/2/2017 16:29,D:\data_haifa\DATA FROM TROPOS\lidar_dataset\2017\09\2017_09_02_Haifa_range_corr_355_lidar.nc,D:\data_haifa\DATA FROM TROPOS\molecular_dataset\2017\09\2017_09_02_Haifa_attbsc_355_molecular.nc,6075.479165,5.798956895,8.52897168,9.716933594,1.187961914
28,9/2/2017,355,Klett_Method,far_range,9/2/2017 16:39,9/2/2017 17:32,9/2/2017 17:00,9/2/2017 17:29,D:\data_haifa\DATA FROM TROPOS\lidar_dataset\2017\09\2017_09_02_Haifa_range_corr_355_lidar.nc,D:\data_haifa\DATA FROM TROPOS\molecular_dataset\2017\09\2017_09_02_Haifa_attbsc_355_molecular.nc,5819.395104,7.026273828,7.213994629,8.200227539,0.98623291
29,9/2/2017,355,Klett_Method,far_range,9/2/2017 18:00,9/2/2017 19:20,9/2/2017 18:00,9/2/2017 18:29,D:\data_haifa\DATA FROM TROPOS\lidar_dataset\2017\09\2017_09_02_Haifa_range_corr_355_lidar.nc,D:\data_haifa\DATA FROM TROPOS\molecular_dataset\2017\09\2017_09_02_Haifa_attbsc_355_molecular.nc,6543.912111,4.455430301,8.334713867,9.829005859,1.494291992
30,9/2/2017,355,Klett_Method,far_range,9/2/2017 18:00,9/2/2017 19:20,9/2/2017 18:30,9/2/2017 18:59,D:\data_haifa\DATA FROM TROPOS\lidar_dataset\2017\09\2017_09_02_Haifa_range_corr_355_lidar.nc,D:\data_haifa\DATA FROM TROPOS\molecular_dataset\2017\09\2017_09_02_Haifa_attbsc_355_molecular.nc,6543.912111,4.455430301,8.334713867,9.829005859,1.494291992
31,9/2/2017,355,Klett_Method,far_range,9/2/2017 19:21,9/2/2017 20:53,9/2/2017 19:30,9/2/2017 19:59,D:\data_haifa\DATA FROM TROPOS\lidar_dataset\2017\09\2017_09_02_Haifa_range_corr_355_lidar.nc,D:\data_haifa\DATA FROM TROPOS\molecular_dataset\2017\09\2017_09_02_Haifa_attbsc_355_molecular.nc,5254.105953,5.511700898,5.331186523,6.825478516,1.494291992
32,9/2/2017,355,Klett_Method,far_range,9/2/2017 19:21,9/2/2017 20:53,9/2/2017 20:00,9/2/2017 20:29,D:\data_haifa\DATA FROM TROPOS\lidar_dataset\2017\09\2017_09_02_Haifa_range_corr_355_lidar.nc,D:\data_haifa\DATA FROM TROPOS\molecular_dataset\2017\09\2017_09_02_Haifa_attbsc_355_molecular.nc,5254.105953,5.511700898,5.331186523,6.825478516,1.494291992
33,9/3/2017,355,Klett_Method,far_range,9/3/2017 0:29,9/3/2017 1:29,9/3/2017 0:30,9/3/2017 0:59,D:\data_haifa\DATA FROM TROPOS\lidar_dataset\2017\09\2017_09_03_Haifa_range_corr_355_lidar.nc,D:\data_haifa\DATA FROM TROPOS\molecular_dataset\2017\09\2017_09_03_Haifa_attbsc_355_molecular.nc,6191.302539,10.40058368,7.968612305,9.462904297,1.494291992
34,9/3/2017,355,Klett_Method,far_range,9/3/2017 1:29,9/3/2017 2:29,9/3/2017 1:30,9/3/2017 1:59,D:\data_haifa\DATA FROM TROPOS\lidar_dataset\2017\09\2017_09_03_Haifa_range_corr_355_lidar.nc,D:\data_haifa\DATA FROM TROPOS\molecular_dataset\2017\09\2017_09_03_Haifa_attbsc_355_molecular.nc,5512.332018,6.952087516,6.048446777,7.54273877,1.494291992
35,9/3/2017,355,Klett_Method,far_range,9/3/2017 2:29,9/3/2017 3:29,9/3/2017 2:30,9/3/2017 2:59,D:\data_haifa\DATA FROM TROPOS\lidar_dataset\2017\09\2017_09_03_Haifa_range_corr_355_lidar.nc,D:\data_haifa\DATA FROM TROPOS\molecular_dataset\2017\09\2017_09_03_Haifa_attbsc_355_molecular.nc,6955.1685,6.087977483,5.682345215,7.176637207,1.494291992
36,9/3/2017,355,Klett_Method,far_range,9/3/2017 3:29,9/3/2017 4:29,9/3/2017 3:30,9/3/2017 3:59,D:\data_haifa\DATA FROM TROPOS\lidar_dataset\2017\09\2017_09_03_Haifa_range_corr_355_lidar.nc,D:\data_haifa\DATA FROM TROPOS\molecular_dataset\2017\09\2017_09_03_Haifa_attbsc_355_molecular.nc,7469.177827,4.775008814,6.474320313,7.415724121,0.941403809
37,9/3/2017,355,Klett_Method,far_range,9/3/2017 4:29,9/3/2017 5:59,9/3/2017 4:30,9/3/2017 4:59,D:\data_haifa\DATA FROM TROPOS\lidar_dataset\2017\09\2017_09_03_Haifa_range_corr_355_lidar.nc,D:\data_haifa\DATA FROM TROPOS\molecular_dataset\2017\09\2017_09_03_Haifa_attbsc_355_molecular.nc,6945.190054,5.513178482,5.899017578,6.877778809,0.97876123
38,9/3/2017,355,Klett_Method,far_range,9/3/2017 4:29,9/3/2017 5:59,9/3/2017 5:00,9/3/2017 5:29,D:\data_haifa\DATA FROM TROPOS\lidar_dataset\2017\09\2017_09_03_Haifa_range_corr_355_lidar.nc,D:\data_haifa\DATA FROM TROPOS\molecular_dataset\2017\09\2017_09_03_Haifa_attbsc_355_molecular.nc,6945.190054,5.513178482,5.899017578,6.877778809,0.97876123
39,9/3/2017,355,Klett_Method,far_range,9/3/2017 4:29,9/3/2017 5:59,9/3/2017 5:30,9/3/2017 5:59,D:\data_haifa\DATA FROM TROPOS\lidar_dataset\2017\09\2017_09_03_Haifa_range_corr_355_lidar.nc,D:\data_haifa\DATA FROM TROPOS\molecular_dataset\2017\09\2017_09_03_Haifa_attbsc_355_molecular.nc,6945.190054,5.513178482,5.899017578,6.877778809,0.97876123
40,9/3/2017,355,Klett_Method,far_range,9/3/2017 15:10,9/3/2017 16:09,9/3/2017 15:30,9/3/2017 15:59,D:\data_haifa\DATA FROM TROPOS\lidar_dataset\2017\09\2017_09_03_Haifa_range_corr_355_lidar.nc,D:\data_haifa\DATA FROM TROPOS\molecular_dataset\2017\09\2017_09_03_Haifa_attbsc_355_molecular.nc,6376.816951,4.119526075,6.295004883,7.580096191,1.285091309
41,9/3/2017,355,Klett_Method,far_range,9/3/2017 16:10,9/3/2017 17:09,9/3/2017 16:30,9/3/2017 16:59,D:\data_haifa\DATA FROM TROPOS\lidar_dataset\2017\09\2017_09_03_Haifa_range_corr_355_lidar.nc,D:\data_haifa\DATA FROM TROPOS\molecular_dataset\2017\09\2017_09_03_Haifa_attbsc_355_molecular.nc,4927.506874,4.965741499,6.070861328,7.56515332,1.494291992
42,9/3/2017,355,Klett_Method,far_range,9/3/2017 17:10,9/3/2017 17:59,9/3/2017 17:30,9/3/2017 17:59,D:\data_haifa\DATA FROM TROPOS\lidar_dataset\2017\09\2017_09_03_Haifa_range_corr_355_lidar.nc,D:\data_haifa\DATA FROM TROPOS\molecular_dataset\2017\09\2017_09_03_Haifa_attbsc_355_molecular.nc,6539.187795,4.865898872,6.093275391,7.587567871,1.49429248
43,9/3/2017,355,Klett_Method,far_range,9/3/2017 18:00,9/3/2017 18:59,9/3/2017 18:00,9/3/2017 18:29,D:\data_haifa\DATA FROM TROPOS\lidar_dataset\2017\09\2017_09_03_Haifa_range_corr_355_lidar.nc,D:\data_haifa\DATA FROM TROPOS\molecular_dataset\2017\09\2017_09_03_Haifa_attbsc_355_molecular.nc,6644.1006,4.717834536,5.958789551,7.273766602,1.314977051
44,9/3/2017,355,Klett_Method,far_range,9/3/2017 18:00,9/3/2017 18:59,9/3/2017 18:30,9/3/2017 18:59,D:\data_haifa\DATA FROM TROPOS\lidar_dataset\2017\09\2017_09_03_Haifa_range_corr_355_lidar.nc,D:\data_haifa\DATA FROM TROPOS\molecular_dataset\2017\09\2017_09_03_Haifa_attbsc_355_molecular.nc,6644.1006,4.717834536,5.958789551,7.273766602,1.314977051
45,9/3/2017,355,Klett_Method,far_range,9/3/2017 20:00,9/3/2017 20:59,9/3/2017 20:00,9/3/2017 20:29,D:\data_haifa\DATA FROM TROPOS\lidar_dataset\2017\09\2017_09_03_Haifa_range_corr_355_lidar.nc,D:\data_haifa\DATA FROM TROPOS\molecular_dataset\2017\09\2017_09_03_Haifa_attbsc_355_molecular.nc,6079.962186,5.174122106,6.295004883,7.781825684,1.486820801
46,9/3/2017,355,Klett_Method,far_range,9/3/2017 20:00,9/3/2017 20:59,9/3/2017 20:30,9/3/2017 20:59,D:\data_haifa\DATA FROM TROPOS\lidar_dataset\2017\09\2017_09_03_Haifa_range_corr_355_lidar.nc,D:\data_haifa\DATA FROM TROPOS\molecular_dataset\2017\09\2017_09_03_Haifa_attbsc_355_molecular.nc,6079.962186,5.174122106,6.295004883,7.781825684,1.486820801
47,9/4/2017,355,Klett_Method,far_range,9/4/2017 0:00,9/4/2017 0:59,9/4/2017 0:00,9/4/2017 0:29,D:\data_haifa\DATA FROM TROPOS\lidar_dataset\2017\09\2017_09_04_Haifa_range_corr_355_lidar.nc,D:\data_haifa\DATA FROM TROPOS\molecular_dataset\2017\09\2017_09_04_Haifa_attbsc_355_molecular.nc,8035.873284,12.1595287,6.24270459,7.73699707,1.49429248
48,9/4/2017,355,Klett_Method,far_range,9/4/2017 0:00,9/4/2017 0:59,9/4/2017 0:30,9/4/2017 0:59,D:\data_haifa\DATA FROM TROPOS\lidar_dataset\2017\09\2017_09_04_Haifa_range_corr_355_lidar.nc,D:\data_haifa\DATA FROM TROPOS\molecular_dataset\2017\09\2017_09_04_Haifa_attbsc_355_molecular.nc,8035.873284,12.1595287,6.24270459,7.73699707,1.49429248
49,9/4/2017,355,Klett_Method,far_range,9/4/2017 1:00,9/4/2017 1:59,9/4/2017 1:00,9/4/2017 1:29,D:\data_haifa\DATA FROM TROPOS\lidar_dataset\2017\09\2017_09_04_Haifa_range_corr_355_lidar.nc,D:\data_haifa\DATA FROM TROPOS\molecular_dataset\2017\09\2017_09_04_Haifa_attbsc_355_molecular.nc,8000.896776,7.746379915,6.10074707,7.595039063,1.494291992
50,9/4/2017,355,Klett_Method,far_range,9/4/2017 1:00,9/4/2017 1:59,9/4/2017 1:30,9/4/2017 1:59,D:\data_haifa\DATA FROM TROPOS\lidar_dataset\2017\09\2017_09_04_Haifa_range_corr_355_lidar.nc,D:\data_haifa\DATA FROM TROPOS\molecular_dataset\2017\09\2017_09_04_Haifa_attbsc_355_molecular.nc,8000.896776,7.746379915,6.10074707,7.595039063,1.494291992
51,9/4/2017,355,Klett_Method,far_range,9/4/2017 2:00,9/4/2017 2:59,9/4/2017 2:00,9/4/2017 2:29,D:\data_haifa\DATA FROM TROPOS\lidar_dataset\2017\09\2017_09_04_Haifa_range_corr_355_lidar.nc,D:\data_haifa\DATA FROM TROPOS\molecular_dataset\2017\09\2017_09_04_Haifa_attbsc_355_molecular.nc,7644.403677,4.961767102,6.055918457,7.550210449,1.494291992
52,9/4/2017,355,Klett_Method,far_range,9/4/2017 2:00,9/4/2017 2:59,9/4/2017 2:30,9/4/2017 2:59,D:\data_haifa\DATA FROM TROPOS\lidar_dataset\2017\09\2017_09_04_Haifa_range_corr_355_lidar.nc,D:\data_haifa\DATA FROM TROPOS\molecular_dataset\2017\09\2017_09_04_Haifa_attbsc_355_molecular.nc,7644.403677,4.961767102,6.055918457,7.550210449,1.494291992
53,9/4/2017,355,Klett_Method,far_range,9/4/2017 3:00,9/4/2017 3:59,9/4/2017 3:00,9/4/2017 3:29,D:\data_haifa\DATA FROM TROPOS\lidar_dataset\2017\09\2017_09_04_Haifa_range_corr_355_lidar.nc,D:\data_haifa\DATA FROM TROPOS\molecular_dataset\2017\09\2017_09_04_Haifa_attbsc_355_molecular.nc,7946.346539,4.875795785,6.362248047,7.453081543,1.090833496
54,9/4/2017,355,Klett_Method,far_range,9/4/2017 3:00,9/4/2017 3:59,9/4/2017 3:30,9/4/2017 3:59,D:\data_haifa\DATA FROM TROPOS\lidar_dataset\2017\09\2017_09_04_Haifa_range_corr_355_lidar.nc,D:\data_haifa\DATA FROM TROPOS\molecular_dataset\2017\09\2017_09_04_Haifa_attbsc_355_molecular.nc,7946.346539,4.875795785,6.362248047,7.453081543,1.090833496
55,9/4/2017,355,Klett_Method,far_range,9/4/2017 15:10,9/4/2017 16:14,9/4/2017 15:30,9/4/2017 15:59,D:\data_haifa\DATA FROM TROPOS\lidar_dataset\2017\09\2017_09_04_Haifa_range_corr_355_lidar.nc,D:\data_haifa\DATA FROM TROPOS\molecular_dataset\2017\09\2017_09_04_Haifa_attbsc_355_molecular.nc,8167.751103,8.520480723,6.347305176,7.841597168,1.494291992
56,9/4/2017,355,Klett_Method,far_range,9/4/2017 16:17,9/4/2017 17:06,9/4/2017 16:30,9/4/2017 16:59,D:\data_haifa\DATA FROM TROPOS\lidar_dataset\2017\09\2017_09_04_Haifa_range_corr_355_lidar.nc,D:\data_haifa\DATA FROM TROPOS\molecular_dataset\2017\09\2017_09_04_Haifa_attbsc_355_molecular.nc,6985.575447,7.079953984,5.936375,7.311123535,1.374748535
57,9/4/2017,355,Klett_Method,far_range,9/4/2017 18:26,9/4/2017 19:11,9/4/2017 18:30,9/4/2017 18:59,D:\data_haifa\DATA FROM TROPOS\lidar_dataset\2017\09\2017_09_04_Haifa_range_corr_355_lidar.nc,D:\data_haifa\DATA FROM TROPOS\molecular_dataset\2017\09\2017_09_04_Haifa_attbsc_355_molecular.nc,8579.889712,10.84334658,7.617453613,8.68587207,1.068418457
58,9/4/2017,355,Klett_Method,far_range,9/4/2017 19:37,9/4/2017 20:49,9/4/2017 20:00,9/4/2017 20:29,D:\data_haifa\DATA FROM TROPOS\lidar_dataset\2017\09\2017_09_04_Haifa_range_corr_355_lidar.nc,D:\data_haifa\DATA FROM TROPOS\molecular_dataset\2017\09\2017_09_04_Haifa_attbsc_355_molecular.nc,9497.801505,10.7568829,6.541563477,8.035855469,1.494291992
59,9/4/2017,355,Klett_Method,far_range,9/4/2017 22:10,9/4/2017 23:09,9/4/2017 22:30,9/4/2017 22:59,D:\data_haifa\DATA FROM TROPOS\lidar_dataset\2017\09\2017_09_04_Haifa_range_corr_355_lidar.nc,D:\data_haifa\DATA FROM TROPOS\molecular_dataset\2017\09\2017_09_04_Haifa_attbsc_355_molecular.nc,7863.428049,11.20483077,7.550210449,9.04450293,1.49429248
60,9/4/2017,355,Klett_Method,far_range,9/4/2017 23:10,9/4/2017 23:59,9/4/2017 23:30,9/4/2017 23:59,D:\data_haifa\DATA FROM TROPOS\lidar_dataset\2017\09\2017_09_04_Haifa_range_corr_355_lidar.nc,D:\data_haifa\DATA FROM TROPOS\molecular_dataset\2017\09\2017_09_04_Haifa_attbsc_355_molecular.nc,7998.601357,9.107919507,7.931254883,9.425546875,1.494291992
61,9/5/2017,355,Klett_Method,far_range,9/5/2017 0:29,9/5/2017 1:29,9/5/2017 0:30,9/5/2017 0:59,D:\data_haifa\DATA FROM TROPOS\lidar_dataset\2017\09\2017_09_05_Haifa_range_corr_355_lidar.nc,D:\data_haifa\DATA FROM TROPOS\molecular_dataset\2017\09\2017_09_05_Haifa_attbsc_355_molecular.nc,7928.092531,5.157451242,6.026032715,7.520324707,1.494291992
62,9/5/2017,355,Klett_Method,far_range,9/5/2017 1:29,9/5/2017 2:29,9/5/2017 1:30,9/5/2017 1:59,D:\data_haifa\DATA FROM TROPOS\lidar_dataset\2017\09\2017_09_05_Haifa_range_corr_355_lidar.nc,D:\data_haifa\DATA FROM TROPOS\molecular_dataset\2017\09\2017_09_05_Haifa_attbsc_355_molecular.nc,8121.510271,3.677663753,7.781825684,9.276118164,1.49429248
63,9/5/2017,355,Klett_Method,far_range,9/5/2017 2:29,9/5/2017 3:20,9/5/2017 2:30,9/5/2017 2:59,D:\data_haifa\DATA FROM TROPOS\lidar_dataset\2017\09\2017_09_05_Haifa_range_corr_355_lidar.nc,D:\data_haifa\DATA FROM TROPOS\molecular_dataset\2017\09\2017_09_05_Haifa_attbsc_355_molecular.nc,7855.941387,6.673417728,8.68587207,9.716933594,1.031061523
64,9/5/2017,355,Klett_Method,far_range,9/5/2017 3:21,9/5/2017 4:29,9/5/2017 3:30,9/5/2017 3:59,D:\data_haifa\DATA FROM TROPOS\lidar_dataset\2017\09\2017_09_05_Haifa_range_corr_355_lidar.nc,D:\data_haifa\DATA FROM TROPOS\molecular_dataset\2017\09\2017_09_05_Haifa_attbsc_355_molecular.nc,7685.209518,4.951755738,7.079508301,7.87895459,0.799446289
65,9/5/2017,355,Klett_Method,far_range,9/5/2017 3:21,9/5/2017 4:29,9/5/2017 4:00,9/5/2017 4:29,D:\data_haifa\DATA FROM TROPOS\lidar_dataset\2017\09\2017_09_05_Haifa_range_corr_355_lidar.nc,D:\data_haifa\DATA FROM TROPOS\molecular_dataset\2017\09\2017_09_05_Haifa_attbsc_355_molecular.nc,7685.209518,4.951755738,7.079508301,7.87895459,0.799446289
66,9/5/2017,355,Klett_Method,far_range,9/5/2017 4:30,9/5/2017 5:59,9/5/2017 5:00,9/5/2017 5:29,D:\data_haifa\DATA FROM TROPOS\lidar_dataset\2017\09\2017_09_05_Haifa_range_corr_355_lidar.nc,D:\data_haifa\DATA FROM TROPOS\molecular_dataset\2017\09\2017_09_05_Haifa_attbsc_355_molecular.nc,7838.615182,4.21434551,5.637516602,7.131808594,1.494291992
67,9/5/2017,355,Klett_Method,far_range,9/5/2017 4:30,9/5/2017 5:59,9/5/2017 5:30,9/5/2017 5:59,D:\data_haifa\DATA FROM TROPOS\lidar_dataset\2017\09\2017_09_05_Haifa_range_corr_355_lidar.nc,D:\data_haifa\DATA FROM TROPOS\molecular_dataset\2017\09\2017_09_05_Haifa_attbsc_355_molecular.nc,7838.615182,4.21434551,5.637516602,7.131808594,1.494291992
68,9/5/2017,355,Klett_Method,far_range,9/5/2017 10:15,9/5/2017 11:03,9/5/2017 10:30,9/5/2017 10:59,D:\data_haifa\DATA FROM TROPOS\lidar_dataset\2017\09\2017_09_05_Haifa_range_corr_355_lidar.nc,D:\data_haifa\DATA FROM TROPOS\molecular_dataset\2017\09\2017_09_05_Haifa_attbsc_355_molecular.nc,8672.207306,6.758525194,5.443258789,6.474320313,1.031061523
69,9/5/2017,355,Klett_Method,far_range,9/5/2017 12:00,9/5/2017 13:34,9/5/2017 12:00,9/5/2017 12:29,D:\data_haifa\DATA FROM TROPOS\lidar_dataset\2017\09\2017_09_05_Haifa_range_corr_355_lidar.nc,D:\data_haifa\DATA FROM TROPOS\molecular_dataset\2017\09\2017_09_05_Haifa_attbsc_355_molecular.nc,7606.193256,3.532368491,5.353601074,6.847893066,1.494291992
70,9/5/2017,355,Klett_Method,far_range,9/5/2017 12:00,9/5/2017 13:34,9/5/2017 12:30,9/5/2017 12:59,D:\data_haifa\DATA FROM TROPOS\lidar_dataset\2017\09\2017_09_05_Haifa_range_corr_355_lidar.nc,D:\data_haifa\DATA FROM TROPOS\molecular_dataset\2017\09\2017_09_05_Haifa_attbsc_355_molecular.nc,7606.193256,3.532368491,5.353601074,6.847893066,1.494291992
71,9/5/2017,355,Klett_Method,far_range,9/5/2017 12:00,9/5/2017 13:34,9/5/2017 13:00,9/5/2017 13:29,D:\data_haifa\DATA FROM TROPOS\lidar_dataset\2017\09\2017_09_05_Haifa_range_corr_355_lidar.nc,D:\data_haifa\DATA FROM TROPOS\molecular_dataset\2017\09\2017_09_05_Haifa_attbsc_355_molecular.nc,7606.193256,3.532368491,5.353601074,6.847893066,1.494291992
72,9/5/2017,355,Klett_Method,far_range,9/5/2017 13:35,9/5/2017 14:46,9/5/2017 14:00,9/5/2017 14:29,D:\data_haifa\DATA FROM TROPOS\lidar_dataset\2017\09\2017_09_05_Haifa_range_corr_355_lidar.nc,D:\data_haifa\DATA FROM TROPOS\molecular_dataset\2017\09\2017_09_05_Haifa_attbsc_355_molecular.nc,7382.57844,4.451731701,5.473144531,6.967436523,1.494291992
73,9/5/2017,355,Klett_Method,far_range,9/5/2017 15:10,9/5/2017 16:33,9/5/2017 15:30,9/5/2017 15:59,D:\data_haifa\DATA FROM TROPOS\lidar_dataset\2017\09\2017_09_05_Haifa_range_corr_355_lidar.nc,D:\data_haifa\DATA FROM TROPOS\molecular_dataset\2017\09\2017_09_05_Haifa_attbsc_355_molecular.nc,6820.528089,3.895723652,5.346129395,6.840421875,1.49429248
74,9/5/2017,355,Klett_Method,far_range,9/5/2017 15:10,9/5/2017 16:33,9/5/2017 16:00,9/5/2017 16:29,D:\data_haifa\DATA FROM TROPOS\lidar_dataset\2017\09\2017_09_05_Haifa_range_corr_355_lidar.nc,D:\data_haifa\DATA FROM TROPOS\molecular_dataset\2017\09\2017_09_05_Haifa_attbsc_355_molecular.nc,6820.528089,3.895723652,5.346129395,6.840421875,1.49429248
75,9/5/2017,355,Klett_Method,far_range,9/5/2017 22:10,9/5/2017 23:03,9/5/2017 22:30,9/5/2017 22:59,D:\data_haifa\DATA FROM TROPOS\lidar_dataset\2017\09\2017_09_05_Haifa_range_corr_355_lidar.nc,D:\data_haifa\DATA FROM TROPOS\molecular_dataset\2017\09\2017_09_05_Haifa_attbsc_355_molecular.nc,7542.614669,7.38816752,3.89666626,5.390958496,1.494292236
76,9/6/2017,355,Klett_Method,far_range,9/6/2017 0:00,9/6/2017 0:59,9/6/2017 0:00,9/6/2017 0:29,D:\data_haifa\DATA FROM TROPOS\lidar_dataset\2017\09\2017_09_06_Haifa_range_corr_355_lidar.nc,D:\data_haifa\DATA FROM TROPOS\molecular_dataset\2017\09\2017_09_06_Haifa_attbsc_355_molecular.nc,7795.60016,6.20451957,3.694936768,5.189229004,1.494292236
77,9/6/2017,355,Klett_Method,far_range,9/6/2017 0:00,9/6/2017 0:59,9/6/2017 0:30,9/6/2017 0:59,D:\data_haifa\DATA FROM TROPOS\lidar_dataset\2017\09\2017_09_06_Haifa_range_corr_355_lidar.nc,D:\data_haifa\DATA FROM TROPOS\molecular_dataset\2017\09\2017_09_06_Haifa_attbsc_355_molecular.nc,7795.60016,6.20451957,3.694936768,5.189229004,1.494292236
78,9/6/2017,355,Klett_Method,far_range,9/6/2017 1:00,9/6/2017 2:11,9/6/2017 1:00,9/6/2017 1:29,D:\data_haifa\DATA FROM TROPOS\lidar_dataset\2017\09\2017_09_06_Haifa_range_corr_355_lidar.nc,D:\data_haifa\DATA FROM TROPOS\molecular_dataset\2017\09\2017_09_06_Haifa_attbsc_355_molecular.nc,7795.040657,3.27012922,8.775530273,9.746819336,0.971289063
79,9/6/2017,355,Klett_Method,far_range,9/6/2017 1:00,9/6/2017 2:11,9/6/2017 1:30,9/6/2017 1:59,D:\data_haifa\DATA FROM TROPOS\lidar_dataset\2017\09\2017_09_06_Haifa_range_corr_355_lidar.nc,D:\data_haifa\DATA FROM TROPOS\molecular_dataset\2017\09\2017_09_06_Haifa_attbsc_355_molecular.nc,7795.040657,3.27012922,8.775530273,9.746819336,0.971289063
80,9/6/2017,355,Klett_Method,far_range,9/6/2017 2:47,9/6/2017 3:57,9/6/2017 3:00,9/6/2017 3:29,D:\data_haifa\DATA FROM TROPOS\lidar_dataset\2017\09\2017_09_06_Haifa_range_corr_355_lidar.nc,D:\data_haifa\DATA FROM TROPOS\molecular_dataset\2017\09\2017_09_06_Haifa_attbsc_355_molecular.nc,8069.762273,3.909468918,5.084628418,6.57892041,1.494291992
81,9/6/2017,355,Klett_Method,far_range,9/6/2017 4:49,9/6/2017 5:40,9/6/2017 5:00,9/6/2017 5:29,D:\data_haifa\DATA FROM TROPOS\lidar_dataset\2017\09\2017_09_06_Haifa_range_corr_355_lidar.nc,D:\data_haifa\DATA FROM TROPOS\molecular_dataset\2017\09\2017_09_06_Haifa_attbsc_355_molecular.nc,9786.315765,7.099564888,5.054742676,6.130632813,1.075890137
82,9/6/2017,355,Klett_Method,far_range,9/6/2017 6:00,9/6/2017 6:59,9/6/2017 6:00,9/6/2017 6:29,D:\data_haifa\DATA FROM TROPOS\lidar_dataset\2017\09\2017_09_06_Haifa_range_corr_355_lidar.nc,D:\data_haifa\DATA FROM TROPOS\molecular_dataset\2017\09\2017_09_06_Haifa_attbsc_355_molecular.nc,9282.992401,7.891797329,5.413372559,6.481791504,1.068418945
83,9/6/2017,355,Klett_Method,far_range,9/6/2017 6:00,9/6/2017 6:59,9/6/2017 6:30,9/6/2017 6:59,D:\data_haifa\DATA FROM TROPOS\lidar_dataset\2017\09\2017_09_06_Haifa_range_corr_355_lidar.nc,D:\data_haifa\DATA FROM TROPOS\molecular_dataset\2017\09\2017_09_06_Haifa_attbsc_355_molecular.nc,9282.992401,7.891797329,5.413372559,6.481791504,1.068418945
84,9/6/2017,355,Klett_Method,far_range,9/6/2017 7:00,9/6/2017 8:16,9/6/2017 7:00,9/6/2017 7:29,D:\data_haifa\DATA FROM TROPOS\lidar_dataset\2017\09\2017_09_06_Haifa_range_corr_355_lidar.nc,D:\data_haifa\DATA FROM TROPOS\molecular_dataset\2017\09\2017_09_06_Haifa_attbsc_355_molecular.nc,8260.849442,6.765201498,4.247824707,5.742117188,1.49429248
85,9/6/2017,355,Klett_Method,far_range,9/6/2017 7:00,9/6/2017 8:16,9/6/2017 7:30,9/6/2017 7:59,D:\data_haifa\DATA FROM TROPOS\lidar_dataset\2017\09\2017_09_06_Haifa_range_corr_355_lidar.nc,D:\data_haifa\DATA FROM TROPOS\molecular_dataset\2017\09\2017_09_06_Haifa_attbsc_355_molecular.nc,8260.849442,6.765201498,4.247824707,5.742117188,1.49429248
86,9/6/2017,355,Klett_Method,far_range,9/6/2017 8:17,9/6/2017 9:03,9/6/2017 8:30,9/6/2017 8:59,D:\data_haifa\DATA FROM TROPOS\lidar_dataset\2017\09\2017_09_06_Haifa_range_corr_355_lidar.nc,D:\data_haifa\DATA FROM TROPOS\molecular_dataset\2017\09\2017_09_06_Haifa_attbsc_355_molecular.nc,8062.419238,4.878471297,3.747237061,5.241529297,1.494292236
87,9/6/2017,355,Klett_Method,far_range,9/6/2017 9:04,9/6/2017 10:04,9/6/2017 9:30,9/6/2017 9:59,D:\data_haifa\DATA FROM TROPOS\lidar_dataset\2017\09\2017_09_06_Haifa_range_corr_355_lidar.nc,D:\data_haifa\DATA FROM TROPOS\molecular_dataset\2017\09\2017_09_06_Haifa_attbsc_355_molecular.nc,8175.733831,5.254304582,3.807008789,5.301300781,1.494291992
88,9/6/2017,355,Klett_Method,far_range,9/6/2017 10:04,9/6/2017 11:30,9/6/2017 10:30,9/6/2017 10:59,D:\data_haifa\DATA FROM TROPOS\lidar_dataset\2017\09\2017_09_06_Haifa_range_corr_355_lidar.nc,D:\data_haifa\DATA FROM TROPOS\molecular_dataset\2017\09\2017_09_06_Haifa_attbsc_355_molecular.nc,8424.13748,5.047447466,3.261592041,4.755884277,1.494292236
89,9/6/2017,355,Klett_Method,far_range,9/6/2017 10:04,9/6/2017 11:30,9/6/2017 11:00,9/6/2017 11:29,D:\data_haifa\DATA FROM TROPOS\lidar_dataset\2017\09\2017_09_06_Haifa_range_corr_355_lidar.nc,D:\data_haifa\DATA FROM TROPOS\molecular_dataset\2017\09\2017_09_06_Haifa_attbsc_355_molecular.nc,8424.13748,5.047447466,3.261592041,4.755884277,1.494292236
90,9/6/2017,355,Klett_Method,far_range,9/6/2017 12:16,9/6/2017 13:17,9/6/2017 12:30,9/6/2017 12:59,D:\data_haifa\DATA FROM TROPOS\lidar_dataset\2017\09\2017_09_06_Haifa_range_corr_355_lidar.nc,D:\data_haifa\DATA FROM TROPOS\molecular_dataset\2017\09\2017_09_06_Haifa_attbsc_355_molecular.nc,6920.399454,4.925323809,2.305245117,3.799537354,1.494292236
91,9/6/2017,355,Klett_Method,far_range,9/6/2017 13:18,9/6/2017 15:00,9/6/2017 13:30,9/6/2017 13:59,D:\data_haifa\DATA FROM TROPOS\lidar_dataset\2017\09\2017_09_06_Haifa_range_corr_355_lidar.nc,D:\data_haifa\DATA FROM TROPOS\molecular_dataset\2017\09\2017_09_06_Haifa_attbsc_355_molecular.nc,8186.370403,2.871024914,6.885250488,7.692167969,0.80691748
92,9/6/2017,355,Klett_Method,far_range,9/6/2017 13:18,9/6/2017 15:00,9/6/2017 14:00,9/6/2017 14:29,D:\data_haifa\DATA FROM TROPOS\lidar_dataset\2017\09\2017_09_06_Haifa_range_corr_355_lidar.nc,D:\data_haifa\DATA FROM TROPOS\molecular_dataset\2017\09\2017_09_06_Haifa_attbsc_355_molecular.nc,8186.370403,2.871024914,6.885250488,7.692167969,0.80691748
93,9/6/2017,355,Klett_Method,far_range,9/6/2017 13:18,9/6/2017 15:00,9/6/2017 14:30,9/6/2017 14:59,D:\data_haifa\DATA FROM TROPOS\lidar_dataset\2017\09\2017_09_06_Haifa_range_corr_355_lidar.nc,D:\data_haifa\DATA FROM TROPOS\molecular_dataset\2017\09\2017_09_06_Haifa_attbsc_355_molecular.nc,8186.370403,2.871024914,6.885250488,7.692167969,0.80691748
94,9/6/2017,355,Klett_Method,far_range,9/6/2017 15:21,9/6/2017 16:48,9/6/2017 15:30,9/6/2017 15:59,D:\data_haifa\DATA FROM TROPOS\lidar_dataset\2017\09\2017_09_06_Haifa_range_corr_355_lidar.nc,D:\data_haifa\DATA FROM TROPOS\molecular_dataset\2017\09\2017_09_06_Haifa_attbsc_355_molecular.nc,9506.456802,3.911786403,5.390958496,6.885250488,1.494291992
95,9/6/2017,355,Klett_Method,far_range,9/6/2017 15:21,9/6/2017 16:48,9/6/2017 16:00,9/6/2017 16:29,D:\data_haifa\DATA FROM TROPOS\lidar_dataset\2017\09\2017_09_06_Haifa_range_corr_355_lidar.nc,D:\data_haifa\DATA FROM TROPOS\molecular_dataset\2017\09\2017_09_06_Haifa_attbsc_355_molecular.nc,9506.456802,3.911786403,5.390958496,6.885250488,1.494291992
96,9/6/2017,355,Klett_Method,far_range,9/6/2017 18:14,9/6/2017 19:01,9/6/2017 18:30,9/6/2017 18:59,D:\data_haifa\DATA FROM TROPOS\lidar_dataset\2017\09\2017_09_06_Haifa_range_corr_355_lidar.nc,D:\data_haifa\DATA FROM TROPOS\molecular_dataset\2017\09\2017_09_06_Haifa_attbsc_355_molecular.nc,10317.28991,10.22084958,7.505381836,8.274942383,0.769560547
97,9/7/2017,355,Klett_Method,far_range,9/7/2017 1:48,9/7/2017 2:54,9/7/2017 2:00,9/7/2017 2:29,D:\data_haifa\DATA FROM TROPOS\lidar_dataset\2017\09\2017_09_07_Haifa_range_corr_355_lidar.nc,D:\data_haifa\DATA FROM TROPOS\molecular_dataset\2017\09\2017_09_07_Haifa_attbsc_355_molecular.nc,10079.8057,8.096629152,4.262768066,5.757060059,1.494291992
98,9/7/2017,355,Klett_Method,far_range,9/7/2017 2:55,9/7/2017 4:04,9/7/2017 3:00,9/7/2017 3:29,D:\data_haifa\DATA FROM TROPOS\lidar_dataset\2017\09\2017_09_07_Haifa_range_corr_355_lidar.nc,D:\data_haifa\DATA FROM TROPOS\molecular_dataset\2017\09\2017_09_07_Haifa_attbsc_355_molecular.nc,9917.390731,8.179696648,1.371312622,2.865604736,1.494292114
